{"stats": {"hunger": 70.29000000001298, "hygiene": 93.75999999999681, "energy": 66.03399999999436, "fun": 72.56999999999877}, "is_alive": true, "play_time": 153, "bg_location": "ROOM2"}